<link rel="stylesheet" type="text/css" href="./media/emakefun/css/emakefun.css"></link>
<script type="text/javascript" src="./language/zh-hans.js"></script>
<script type="text/javascript" src="./language/zh-hant.js"></script>
<script type="text/javascript" src="./language/en.js"></script>
<script type="text/javascript" src="./block/emakefunSensors.js"></script>
<script type="text/javascript" src="./generator/emakefunSensors.js"></script>


<category id="mixly_emakefun_esp32_sensors" name="EmakefunSensors" colour="20">

    <category id="emakefun_smart_modules" name="智能模块" colour="#16b886">
           <!-- 新款语音识别 设置触发模式 -->
        <block type="nulllab_VoiceRecognition_init_V2"></block>

        <!--语音识别设置词条和编号-->
        <block type="nulllab_VoiceRecognition_Content_V2">
            <value name="nulllab_Key_V2">
                <shadow type="math_number">
                    <field name="NUM">0</field>
                </shadow>
            </value>
            <value name="nulllab_content_V2">
                <shadow type="text">
                    <field name="TEXT">xiao yi xiao yi</field>
                </shadow>
            </value>
        </block>

        <!-- 语音识别设置唤醒时间 -->
        <block type= "nulllab_VoiceRecognition_time_V2">
            <value name="nulllab_time_V2">
                <shadow type="math_number">
                    <field name="NUM">10</field>
                </shadow>
            </value>
        </block>

        <block type="speech_recognizer_event"></block>

        <!-- 语音合成 发送数据并播放 -->
        <block type= "nulllab_speech_synthesisStart">
            <value name="nulllab_content">
                <shadow type="text">
                    <field name="TEXT">小爱同学</field>
                </shadow>
            </value>
        </block>
        
        <!-- 语音合成到缓存 -->
        <block type= "nulllab_speech_synthesisCache">
            <value name="nulllab_content">
                <shadow type="text">
                    <field name="TEXT">小爱同学</field>
                </shadow>
            </value>
            <value name="nulllab_index">
                <shadow type="math_number">
                    <field name="TEXT">1</field>
                </shadow>
            </value>
        </block>
        <!-- 语音合成播放缓存内容 -->
        <block type= "nulllab_speech_cplay">
            <value name="nulllab_freq">
                <shadow type="math_number">
                    <field name="NUM">1</field>
                </shadow>
            </value>
        </block>
      
    </category>


    <category id="emakefun_communication" name="通信模块" colour="#16b886">
        <block type="emakefun_get_esp32_mac" id = "emakefun_get_esp32_mac" name="获取ESP32主板的MAC地址">
        </block>
        <block type="emakefun_esp32_isConnect" id = "emakefun_esp32_isConnect" name="是否连接上PS3手柄?">
        </block>
        <block type="emakefun_esp32_get_button" id = "emakefun_esp32_get_button" >
        </block>
        <block type="emakefun_esp32_get_rock_analog" id = "emakefun_esp32_get_rock_analog" >
        </block>
        <block type="emakefun_esp32_get_battey_status" id = "emakefun_esp32_get_battey_status" >
        </block>
        <block type="emakefun_esp32_PS3_battey_status" id = "emakefun_esp32_PS3_battey_status" >
        </block>
        <block type="emakefun_esp32_PS3_set_player" id = "emakefun_esp32_PS3_set_player" >
            <value name="emakefun_player">
                <shadow type="math_number">
                    <field name="NUM">1</field>
                </shadow>
            </value>
        </block>
        <block type="emakefun_ps3_help" name="使用帮助">
            <value name="ps3_help">
                <shadow type="text">
                    <field name="TEXT">https://docs.emakefun.com/esp32/ps3_esp32/</field>
                </shadow>
            </value>
        </block>

    </category>
    
</category>